Workbook

Sheet 설정
A1: 직함 | B1: ID | C1: 성함 (여기에 입력) | D1: 성별
A2: 시드 1 | B2: S1 | C2: 정종훈 | D2: 남
A3: 시드 2 | B3: S2 | C3: 황정원 | D3: 남
A4: 시드 3 | B4: S3 | C4: 김정준 | D4: 남
A5: 시드 4 | B5: S4 | C5: 박종춘 | D5: 남 | F5: 복식 파트너 구성 원칙
A6: 시드 5 | B6: S5 | C6: 황진수 | D6: 남 | F6: 1. 시드끼리 팀이 되는 경우는 시드팀만 상대한다.
A7: 일반 1 | B7: N1 | C7: 김진찬 | D7: 남 | F7: 2. 와일드카드끼리는 같은 팀이 되지 않도록 한다.
A8: 일반 2 | B8: N2 | C8: 황경호 | D8: 남 | F8: 3. 앞서 같은 팀이었던 사람은 같은 팀이 되지 않도록 한다.
A9: 일반 3 | B9: N3 | C9: 신동준 | D9: 남 | F9: 4. 여복 팀은 여복 팀만, 남복 팀은 남복 팀만, 혼복 팀은 혼복 팀만 상대한다.
A10: 일반 4 | B10: N4w | C10: 고아라 | D10: 여 | F10: 5. 모든 인원이 가급적 비슷한 경기 수를 배정받을 수 있게 한다.
A11: 일반 5 | B11: N5w | C11: 정채원 | D11: 여 | F11: 6. 와일드카드의 체력을 배려한다.
A12: WC 1 | B12: W1w | C12: 김다현 | D12: 여
A13: WC 2 | B13: W2w | C13: 황지애 | D13: 여

Sheet 대진표
A1: 라운드 | B1: 코트 | C1: 팀1-선수1 | D1: 팀1-선수2 | E1: 팀1점수 | F1: 팀2점수 | G1: 팀2-선수1 | H1: 팀2-선수2 | I1: 경기 유형
A2: R1 | B2: A | C2: =설정!$C$2 -> 정종훈 | D2: =설정!$C$3 -> 황정원 | E2: 3 | F2: 1 | G2: =설정!$C$4 -> 김정준 | H2: =설정!$C$5 -> 박종춘 | I2: 시드시드 vs 시드시드
A3: R1 | B3: B | C3: =설정!$C$6 -> 황진수 | D3: =설정!$C$7 -> 김진찬 | E3: 3 | F3: 1 | G3: =설정!$C$8 -> 황경호 | H3: =설정!$C$9 -> 신동준 | I3: 남남 vs 남남
A4: R2 | B4: A | C4: =설정!$C$10 -> 고아라 | D4: =설정!$C$12 -> 김다현 | E4: 3 | F4: 0 | G4: =설정!$C$11 -> 정채원 | H4: =설정!$C$13 -> 황지애 | I4: 여복 vs 여복
A5: R2 | B5: B | C5: =설정!$C$2 -> 정종훈 | D5: =설정!$C$8 -> 황경호 | E5: 0 | F5: 3 | G5: =설정!$C$3 -> 황정원 | H5: =설정!$C$9 -> 신동준 | I5: 남남 vs 남남
A6: R3 | B6: A | C6: =설정!$C$4 -> 김정준 | D6: =설정!$C$10 -> 고아라 | E6: 3 | F6: 0 | G6: =설정!$C$5 -> 박종춘 | H6: =설정!$C$11 -> 정채원 | I6: 혼복 vs 혼복
A7: R3 | B7: B | C7: =설정!$C$6 -> 황진수 | D7: =설정!$C$13 -> 황지애 | E7: 1 | F7: 3 | G7: =설정!$C$7 -> 김진찬 | H7: =설정!$C$12 -> 김다현 | I7: 혼복 vs 혼복
A8: R4 | B8: A | C8: =설정!$C$2 -> 정종훈 | D8: =설정!$C$4 -> 김정준 | E8: 3 | F8: 2 | G8: =설정!$C$3 -> 황정원 | H8: =설정!$C$5 -> 박종춘 | I8: 시드시드 vs 시드시드
A9: R4 | B9: B | C9: =설정!$C$8 -> 황경호 | D9: =설정!$C$11 -> 정채원 | E9: 1 | F9: 3 | G9: =설정!$C$9 -> 신동준 | H9: =설정!$C$10 -> 고아라 | I9: 혼복 vs 혼복
A10: R5 | B10: A | C10: =설정!$C$6 -> 황진수 | D10: =설정!$C$2 -> 정종훈 | E10: 3 | F10: 1 | G10: =설정!$C$7 -> 김진찬 | H10: =설정!$C$3 -> 황정원 | I10: 남남 vs 남남
A11: R5 | B11: B | C11: =설정!$C$4 -> 김정준 | D11: =설정!$C$8 -> 황경호 | E11: 3 | F11: 0 | G11: =설정!$C$5 -> 박종춘 | H11: =설정!$C$9 -> 신동준 | I11: 남남 vs 남남
A12: R6 | B12: A | C12: =설정!$C$10 -> 고아라 | D12: =설정!$C$13 -> 황지애 | E12: 3 | F12: 1 | G12: =설정!$C$11 -> 정채원 | H12: =설정!$C$12 -> 김다현 | I12: 여복 vs 여복
A13: R6 | B13: B | C13: =설정!$C$6 -> 황진수 | D13: =설정!$C$8 -> 황경호 | E13: 3 | F13: 0 | G13: =설정!$C$7 -> 김진찬 | H13: =설정!$C$9 -> 신동준 | I13: 남남 vs 남남
A14: R7 | B14: A | C14: =설정!$C$2 -> 정종훈 | D14: =설정!$C$11 -> 정채원 | E14: 1 | F14: 3 | G14: =설정!$C$3 -> 황정원 | H14: =설정!$C$10 -> 고아라 | I14: 혼복 vs 혼복
A15: R7 | B15: B | C15: =설정!$C$4 -> 김정준 | D15: =설정!$C$13 -> 황지애 | E15: 3 | F15: 1 | G15: =설정!$C$5 -> 박종춘 | H15: =설정!$C$12 -> 김다현 | I15: 혼복 vs 혼복
A16: R8 | B16: A | C16: =설정!$C$6 -> 황진수 | D16: =설정!$C$4 -> 김정준 | E16: 3 | F16: 0 | G16: =설정!$C$2 -> 정종훈 | H16: =설정!$C$5 -> 박종춘 | I16: 시드시드 vs 시드시드
A17: R8 | B17: A | C17: =설정!$C$8 -> 황경호 | D17: =설정!$C$3 -> 황정원 | E17: 3 | F17: 0 | G17: =설정!$C$9 -> 신동준 | H17: =설정!$C$7 -> 김진찬 | I17: 남남 vs 남남
A18: R9 | B18: A | C18: =설정!$C$6 -> 황진수 | D18: =설정!$C$11 -> 정채원 | E18: 3 | F18: 0 | G18: =설정!$C$7 -> 김진찬 | H18: =설정!$C$10 -> 고아라 | I18: 혼복 vs 혼복

Sheet 점수표(총점1000점)
A1: 성함 | B1: 승리수 | C1: 득실차 | D1: 가중치 합산 점수 | E1: 리그전 순위 | F1: 경기수 | G1: 토너먼트점수 | H1: 총점 | I1: 최종순위 | K1: 구분 | L1: 항목 | M1: 배점 | N1: 적용 및 합산 방식
A2: =설정!C2 -> 정종훈 | B2: =SUMPRODUCT((대진표!$C$2:$C$19=$A2)*(대진표!$E$2:$E$19>대진표!$F$2:$F$19))+SUMPRODUCT((대진표!$D$2:$D$19=$A2)*(대진표!$E$2:$E$19>대진표!$F$2:$F$19))+SUMPRODUCT((대진표!$G$2:$G$19=$A2)*(대진표!$F$2:$F$19>대진표!$E$2:$E$19))+SUMPRODUCT((대진표!$H$2:$H$19=$A2)*(대진표!$F$2:$F$19>대진표!$E$2:$E$19)) -> 3 | C2: =(SUMIF(대진표!$C:$C,$A2,대진표!$E:$E)+SUMIF(대진표!$D:$D,$A2,대진표!$E:$E)+SUMIF(대진표!$G:$G,$A2,대진표!$F:$F)+SUMIF(대진표!$H:$H,$A2,대진표!$F:$F))-(SUMIF(대진표!$C:$C,$A2,대진표!$F:$F)+SUMIF(대진표!$D:$D,$A2,대진표!$F:$F)+SUMIF(대진표!$G:$G,$A2,대진표!$E:$E)+SUMIF(대진표!$H:$H,$A2,대진표!$E:$E)) -> -3 | D2: =(B2*100)+(F2*10)+(C2*1)+(IF(LEFT(설정!$B2,1)="W",30,0))+(SUMPRODUCT((대진표!$C$2:$C$19=$A2)*ISNUMBER(MATCH(대진표!$D$2:$D$19,설정!$C$10:$C$13,0))*(대진표!$E$2:$E$19>대진표!$F$2:$F$19))+SUMPRODUCT((대진표!$D$2:$D$19=$A2)*ISNUMBER(MATCH(대진표!$C$2:$C$19,설정!$C$10:$C$13,0))*(대진표!$E$2:$E$19>대진표!$F$2:$F$19))+SUMPRODUCT((대진표!$G$2:$G$19=$A2)*ISNUMBER(MATCH(대진표!$H$2:$H$19,설정!$C$10:$C$13,0))*(대진표!$F$2:$F$19>대진표!$E$2:$E$19))+SUMPRODUCT((대진표!$H$2:$H$19=$A2)*ISNUMBER(MATCH(대진표!$G$2:$G$19,설정!$C$10:$C$13,0))*(대진표!$F$2:$F$19>대진표!$E$2:$E$19)))*5 -> 357 | E2: =_xlfn.RANK.EQ(D2, $D$2:$D$13) -> 6 | F2: =COUNTIFS(대진표!$C:$C,$A2,대진표!$E:$E,"<>-")+COUNTIFS(대진표!$D:$D,$A2,대진표!$E:$E,"<>-")+COUNTIFS(대진표!$G:$G,$A2,대진표!$F:$F,"<>-")+COUNTIFS(대진표!$H:$H,$A2,대진표!$F:$F,"<>-") -> 6 | G2: 80 | H2: =D2+G2 -> 437 | I2: =_xlfn.RANK.EQ(H2, $H$2:$H$13) -> 5 | K2: 기본 리그 | L2: 경기 승리 (B열) | M2: 100점 | N2: 승리 1회당 부여 (최우선 순위)
A3: =설정!C3 -> 황정원 | B3: =SUMPRODUCT((대진표!$C$2:$C$19=$A3)*(대진표!$E$2:$E$19>대진표!$F$2:$F$19))+SUMPRODUCT((대진표!$D$2:$D$19=$A3)*(대진표!$E$2:$E$19>대진표!$F$2:$F$19))+SUMPRODUCT((대진표!$G$2:$G$19=$A3)*(대진표!$F$2:$F$19>대진표!$E$2:$E$19))+SUMPRODUCT((대진표!$H$2:$H$19=$A3)*(대진표!$F$2:$F$19>대진표!$E$2:$E$19)) -> 4 | C3: =(SUMIF(대진표!$C:$C,$A3,대진표!$E:$E)+SUMIF(대진표!$D:$D,$A3,대진표!$E:$E)+SUMIF(대진표!$G:$G,$A3,대진표!$F:$F)+SUMIF(대진표!$H:$H,$A3,대진표!$F:$F))-(SUMIF(대진표!$C:$C,$A3,대진표!$F:$F)+SUMIF(대진표!$D:$D,$A3,대진표!$F:$F)+SUMIF(대진표!$G:$G,$A3,대진표!$E:$E)+SUMIF(대진표!$H:$H,$A3,대진표!$E:$E)) -> 7 | D3: =(B3*100)+(F3*10)+(C3*1)+(IF(LEFT(설정!$B3,1)="W",30,0))+(SUMPRODUCT((대진표!$C$2:$C$19=$A3)*ISNUMBER(MATCH(대진표!$D$2:$D$19,설정!$C$10:$C$13,0))*(대진표!$E$2:$E$19>대진표!$F$2:$F$19))+SUMPRODUCT((대진표!$D$2:$D$19=$A3)*ISNUMBER(MATCH(대진표!$C$2:$C$19,설정!$C$10:$C$13,0))*(대진표!$E$2:$E$19>대진표!$F$2:$F$19))+SUMPRODUCT((대진표!$G$2:$G$19=$A3)*ISNUMBER(MATCH(대진표!$H$2:$H$19,설정!$C$10:$C$13,0))*(대진표!$F$2:$F$19>대진표!$E$2:$E$19))+SUMPRODUCT((대진표!$H$2:$H$19=$A3)*ISNUMBER(MATCH(대진표!$G$2:$G$19,설정!$C$10:$C$13,0))*(대진표!$F$2:$F$19>대진표!$E$2:$E$19)))*5 -> 472 | E3: =_xlfn.RANK.EQ(D3, $D$2:$D$13) -> 4 | F3: =COUNTIFS(대진표!$C:$C,$A3,대진표!$E:$E,"<>-")+COUNTIFS(대진표!$D:$D,$A3,대진표!$E:$E,"<>-")+COUNTIFS(대진표!$G:$G,$A3,대진표!$F:$F,"<>-")+COUNTIFS(대진표!$H:$H,$A3,대진표!$F:$F,"<>-") -> 6 | G3: 80 | H3: =D3+G3 -> 552 | I3: =_xlfn.RANK.EQ(H3, $H$2:$H$13) -> 4 | L3: 경기 참여 (F열) | M3: 10점 | N3: 1경기당 참여 점수 (활동량 보상)
A4: =설정!C4 -> 김정준 | B4: =SUMPRODUCT((대진표!$C$2:$C$19=$A4)*(대진표!$E$2:$E$19>대진표!$F$2:$F$19))+SUMPRODUCT((대진표!$D$2:$D$19=$A4)*(대진표!$E$2:$E$19>대진표!$F$2:$F$19))+SUMPRODUCT((대진표!$G$2:$G$19=$A4)*(대진표!$F$2:$F$19>대진표!$E$2:$E$19))+SUMPRODUCT((대진표!$H$2:$H$19=$A4)*(대진표!$F$2:$F$19>대진표!$E$2:$E$19)) -> 5 | C4: =(SUMIF(대진표!$C:$C,$A4,대진표!$E:$E)+SUMIF(대진표!$D:$D,$A4,대진표!$E:$E)+SUMIF(대진표!$G:$G,$A4,대진표!$F:$F)+SUMIF(대진표!$H:$H,$A4,대진표!$F:$F))-(SUMIF(대진표!$C:$C,$A4,대진표!$F:$F)+SUMIF(대진표!$D:$D,$A4,대진표!$F:$F)+SUMIF(대진표!$G:$G,$A4,대진표!$E:$E)+SUMIF(대진표!$H:$H,$A4,대진표!$E:$E)) -> 10 | D4: =(B4*100)+(F4*10)+(C4*1)+(IF(LEFT(설정!$B4,1)="W",30,0))+(SUMPRODUCT((대진표!$C$2:$C$19=$A4)*ISNUMBER(MATCH(대진표!$D$2:$D$19,설정!$C$10:$C$13,0))*(대진표!$E$2:$E$19>대진표!$F$2:$F$19))+SUMPRODUCT((대진표!$D$2:$D$19=$A4)*ISNUMBER(MATCH(대진표!$C$2:$C$19,설정!$C$10:$C$13,0))*(대진표!$E$2:$E$19>대진표!$F$2:$F$19))+SUMPRODUCT((대진표!$G$2:$G$19=$A4)*ISNUMBER(MATCH(대진표!$H$2:$H$19,설정!$C$10:$C$13,0))*(대진표!$F$2:$F$19>대진표!$E$2:$E$19))+SUMPRODUCT((대진표!$H$2:$H$19=$A4)*ISNUMBER(MATCH(대진표!$G$2:$G$19,설정!$C$10:$C$13,0))*(대진표!$F$2:$F$19>대진표!$E$2:$E$19)))*5 -> 580 | E4: =_xlfn.RANK.EQ(D4, $D$2:$D$13) -> 1 | F4: =COUNTIFS(대진표!$C:$C,$A4,대진표!$E:$E,"<>-")+COUNTIFS(대진표!$D:$D,$A4,대진표!$E:$E,"<>-")+COUNTIFS(대진표!$G:$G,$A4,대진표!$F:$F,"<>-")+COUNTIFS(대진표!$H:$H,$A4,대진표!$F:$F,"<>-") -> 6 | G4: 40 | H4: =D4+G4 -> 620 | I4: =_xlfn.RANK.EQ(H4, $H$2:$H$13) -> 3 | L4: 게임 득실차 (C열) | M4: 1점 | N4: (득점 - 실점) 총합 반영 (동점자 방지)
A5: =설정!C5 -> 박종춘 | B5: =SUMPRODUCT((대진표!$C$2:$C$19=$A5)*(대진표!$E$2:$E$19>대진표!$F$2:$F$19))+SUMPRODUCT((대진표!$D$2:$D$19=$A5)*(대진표!$E$2:$E$19>대진표!$F$2:$F$19))+SUMPRODUCT((대진표!$G$2:$G$19=$A5)*(대진표!$F$2:$F$19>대진표!$E$2:$E$19))+SUMPRODUCT((대진표!$H$2:$H$19=$A5)*(대진표!$F$2:$F$19>대진표!$E$2:$E$19)) -> 0 | C5: =(SUMIF(대진표!$C:$C,$A5,대진표!$E:$E)+SUMIF(대진표!$D:$D,$A5,대진표!$E:$E)+SUMIF(대진표!$G:$G,$A5,대진표!$F:$F)+SUMIF(대진표!$H:$H,$A5,대진표!$F:$F))-(SUMIF(대진표!$C:$C,$A5,대진표!$F:$F)+SUMIF(대진표!$D:$D,$A5,대진표!$F:$F)+SUMIF(대진표!$G:$G,$A5,대진표!$E:$E)+SUMIF(대진표!$H:$H,$A5,대진표!$E:$E)) -> -14 | D5: =(B5*100)+(F5*10)+(C5*1)+(IF(LEFT(설정!$B5,1)="W",30,0))+(SUMPRODUCT((대진표!$C$2:$C$19=$A5)*ISNUMBER(MATCH(대진표!$D$2:$D$19,설정!$C$10:$C$13,0))*(대진표!$E$2:$E$19>대진표!$F$2:$F$19))+SUMPRODUCT((대진표!$D$2:$D$19=$A5)*ISNUMBER(MATCH(대진표!$C$2:$C$19,설정!$C$10:$C$13,0))*(대진표!$E$2:$E$19>대진표!$F$2:$F$19))+SUMPRODUCT((대진표!$G$2:$G$19=$A5)*ISNUMBER(MATCH(대진표!$H$2:$H$19,설정!$C$10:$C$13,0))*(대진표!$F$2:$F$19>대진표!$E$2:$E$19))+SUMPRODUCT((대진표!$H$2:$H$19=$A5)*ISNUMBER(MATCH(대진표!$G$2:$G$19,설정!$C$10:$C$13,0))*(대진표!$F$2:$F$19>대진표!$E$2:$E$19)))*5 -> 46 | E5: =_xlfn.RANK.EQ(D5, $D$2:$D$13) -> 12 | F5: =COUNTIFS(대진표!$C:$C,$A5,대진표!$E:$E,"<>-")+COUNTIFS(대진표!$D:$D,$A5,대진표!$E:$E,"<>-")+COUNTIFS(대진표!$G:$G,$A5,대진표!$F:$F,"<>-")+COUNTIFS(대진표!$H:$H,$A5,대진표!$F:$F,"<>-") -> 6 | G5: 80 | H5: =D5+G5 -> 126 | I5: =_xlfn.RANK.EQ(H5, $H$2:$H$13) -> 12 | K5: 특별 보너스 | L5: 와일드카드 (WC) | M5: 30점 | N5: 성함 앞 'W' (설정 시트 기준 초보자 핸디캡)
A6: =설정!C6 -> 황진수 | B6: =SUMPRODUCT((대진표!$C$2:$C$19=$A6)*(대진표!$E$2:$E$19>대진표!$F$2:$F$19))+SUMPRODUCT((대진표!$D$2:$D$19=$A6)*(대진표!$E$2:$E$19>대진표!$F$2:$F$19))+SUMPRODUCT((대진표!$G$2:$G$19=$A6)*(대진표!$F$2:$F$19>대진표!$E$2:$E$19))+SUMPRODUCT((대진표!$H$2:$H$19=$A6)*(대진표!$F$2:$F$19>대진표!$E$2:$E$19)) -> 5 | C6: =(SUMIF(대진표!$C:$C,$A6,대진표!$E:$E)+SUMIF(대진표!$D:$D,$A6,대진표!$E:$E)+SUMIF(대진표!$G:$G,$A6,대진표!$F:$F)+SUMIF(대진표!$H:$H,$A6,대진표!$F:$F))-(SUMIF(대진표!$C:$C,$A6,대진표!$F:$F)+SUMIF(대진표!$D:$D,$A6,대진표!$F:$F)+SUMIF(대진표!$G:$G,$A6,대진표!$E:$E)+SUMIF(대진표!$H:$H,$A6,대진표!$E:$E)) -> 11 | D6: =(B6*100)+(F6*10)+(C6*1)+(IF(LEFT(설정!$B6,1)="W",30,0))+(SUMPRODUCT((대진표!$C$2:$C$19=$A6)*ISNUMBER(MATCH(대진표!$D$2:$D$19,설정!$C$10:$C$13,0))*(대진표!$E$2:$E$19>대진표!$F$2:$F$19))+SUMPRODUCT((대진표!$D$2:$D$19=$A6)*ISNUMBER(MATCH(대진표!$C$2:$C$19,설정!$C$10:$C$13,0))*(대진표!$E$2:$E$19>대진표!$F$2:$F$19))+SUMPRODUCT((대진표!$G$2:$G$19=$A6)*ISNUMBER(MATCH(대진표!$H$2:$H$19,설정!$C$10:$C$13,0))*(대진표!$F$2:$F$19>대진표!$E$2:$E$19))+SUMPRODUCT((대진표!$H$2:$H$19=$A6)*ISNUMBER(MATCH(대진표!$G$2:$G$19,설정!$C$10:$C$13,0))*(대진표!$F$2:$F$19>대진표!$E$2:$E$19)))*5 -> 576 | E6: =_xlfn.RANK.EQ(D6, $D$2:$D$13) -> 3 | F6: =COUNTIFS(대진표!$C:$C,$A6,대진표!$E:$E,"<>-")+COUNTIFS(대진표!$D:$D,$A6,대진표!$E:$E,"<>-")+COUNTIFS(대진표!$G:$G,$A6,대진표!$F:$F,"<>-")+COUNTIFS(대진표!$H:$H,$A6,대진표!$F:$F,"<>-") -> 6 | G6: 80 | H6: =D6+G6 -> 656 | I6: =_xlfn.RANK.EQ(H6, $H$2:$H$13) -> 2 | L6: 여성 파트너 승리 | M6: 5점 | N6: 성함 뒤 'w' 파트너와 함께 승리 시 추가
A7: =설정!C7 -> 김진찬 | B7: =SUMPRODUCT((대진표!$C$2:$C$19=$A7)*(대진표!$E$2:$E$19>대진표!$F$2:$F$19))+SUMPRODUCT((대진표!$D$2:$D$19=$A7)*(대진표!$E$2:$E$19>대진표!$F$2:$F$19))+SUMPRODUCT((대진표!$G$2:$G$19=$A7)*(대진표!$F$2:$F$19>대진표!$E$2:$E$19))+SUMPRODUCT((대진표!$H$2:$H$19=$A7)*(대진표!$F$2:$F$19>대진표!$E$2:$E$19)) -> 2 | C7: =(SUMIF(대진표!$C:$C,$A7,대진표!$E:$E)+SUMIF(대진표!$D:$D,$A7,대진표!$E:$E)+SUMIF(대진표!$G:$G,$A7,대진표!$F:$F)+SUMIF(대진표!$H:$H,$A7,대진표!$F:$F))-(SUMIF(대진표!$C:$C,$A7,대진표!$F:$F)+SUMIF(대진표!$D:$D,$A7,대진표!$F:$F)+SUMIF(대진표!$G:$G,$A7,대진표!$E:$E)+SUMIF(대진표!$H:$H,$A7,대진표!$E:$E)) -> -7 | D7: =(B7*100)+(F7*10)+(C7*1)+(IF(LEFT(설정!$B7,1)="W",30,0))+(SUMPRODUCT((대진표!$C$2:$C$19=$A7)*ISNUMBER(MATCH(대진표!$D$2:$D$19,설정!$C$10:$C$13,0))*(대진표!$E$2:$E$19>대진표!$F$2:$F$19))+SUMPRODUCT((대진표!$D$2:$D$19=$A7)*ISNUMBER(MATCH(대진표!$C$2:$C$19,설정!$C$10:$C$13,0))*(대진표!$E$2:$E$19>대진표!$F$2:$F$19))+SUMPRODUCT((대진표!$G$2:$G$19=$A7)*ISNUMBER(MATCH(대진표!$H$2:$H$19,설정!$C$10:$C$13,0))*(대진표!$F$2:$F$19>대진표!$E$2:$E$19))+SUMPRODUCT((대진표!$H$2:$H$19=$A7)*ISNUMBER(MATCH(대진표!$G$2:$G$19,설정!$C$10:$C$13,0))*(대진표!$F$2:$F$19>대진표!$E$2:$E$19)))*5 -> 258 | E7: =_xlfn.RANK.EQ(D7, $D$2:$D$13) -> 10 | F7: =COUNTIFS(대진표!$C:$C,$A7,대진표!$E:$E,"<>-")+COUNTIFS(대진표!$D:$D,$A7,대진표!$E:$E,"<>-")+COUNTIFS(대진표!$G:$G,$A7,대진표!$F:$F,"<>-")+COUNTIFS(대진표!$H:$H,$A7,대진표!$F:$F,"<>-") -> 6 | G7: 40 | H7: =D7+G7 -> 298 | I7: =_xlfn.RANK.EQ(H7, $H$2:$H$13) -> 10 | K7: 토너먼트 | L7: 우승팀 보너스 | M7: 80점 | N7: 최종 단체전 승리팀 전원 부여
A8: =설정!C8 -> 황경호 | B8: =SUMPRODUCT((대진표!$C$2:$C$19=$A8)*(대진표!$E$2:$E$19>대진표!$F$2:$F$19))+SUMPRODUCT((대진표!$D$2:$D$19=$A8)*(대진표!$E$2:$E$19>대진표!$F$2:$F$19))+SUMPRODUCT((대진표!$G$2:$G$19=$A8)*(대진표!$F$2:$F$19>대진표!$E$2:$E$19))+SUMPRODUCT((대진표!$H$2:$H$19=$A8)*(대진표!$F$2:$F$19>대진표!$E$2:$E$19)) -> 3 | C8: =(SUMIF(대진표!$C:$C,$A8,대진표!$E:$E)+SUMIF(대진표!$D:$D,$A8,대진표!$E:$E)+SUMIF(대진표!$G:$G,$A8,대진표!$F:$F)+SUMIF(대진표!$H:$H,$A8,대진표!$F:$F))-(SUMIF(대진표!$C:$C,$A8,대진표!$F:$F)+SUMIF(대진표!$D:$D,$A8,대진표!$F:$F)+SUMIF(대진표!$G:$G,$A8,대진표!$E:$E)+SUMIF(대진표!$H:$H,$A8,대진표!$E:$E)) -> 2 | D8: =(B8*100)+(F8*10)+(C8*1)+(IF(LEFT(설정!$B8,1)="W",30,0))+(SUMPRODUCT((대진표!$C$2:$C$19=$A8)*ISNUMBER(MATCH(대진표!$D$2:$D$19,설정!$C$10:$C$13,0))*(대진표!$E$2:$E$19>대진표!$F$2:$F$19))+SUMPRODUCT((대진표!$D$2:$D$19=$A8)*ISNUMBER(MATCH(대진표!$C$2:$C$19,설정!$C$10:$C$13,0))*(대진표!$E$2:$E$19>대진표!$F$2:$F$19))+SUMPRODUCT((대진표!$G$2:$G$19=$A8)*ISNUMBER(MATCH(대진표!$H$2:$H$19,설정!$C$10:$C$13,0))*(대진표!$F$2:$F$19>대진표!$E$2:$E$19))+SUMPRODUCT((대진표!$H$2:$H$19=$A8)*ISNUMBER(MATCH(대진표!$G$2:$G$19,설정!$C$10:$C$13,0))*(대진표!$F$2:$F$19>대진표!$E$2:$E$19)))*5 -> 362 | E8: =_xlfn.RANK.EQ(D8, $D$2:$D$13) -> 5 | F8: =COUNTIFS(대진표!$C:$C,$A8,대진표!$E:$E,"<>-")+COUNTIFS(대진표!$D:$D,$A8,대진표!$E:$E,"<>-")+COUNTIFS(대진표!$G:$G,$A8,대진표!$F:$F,"<>-")+COUNTIFS(대진표!$H:$H,$A8,대진표!$F:$F,"<>-") -> 6 | G8: 40 | H8: =D8+G8 -> 402 | I8: =_xlfn.RANK.EQ(H8, $H$2:$H$13) -> 6 | L8: 패배팀 보너스 | M8: 40점 | N8: 최종 단체전 참여팀 전원 부여
A9: =설정!C9 -> 신동준 | B9: =SUMPRODUCT((대진표!$C$2:$C$19=$A9)*(대진표!$E$2:$E$19>대진표!$F$2:$F$19))+SUMPRODUCT((대진표!$D$2:$D$19=$A9)*(대진표!$E$2:$E$19>대진표!$F$2:$F$19))+SUMPRODUCT((대진표!$G$2:$G$19=$A9)*(대진표!$F$2:$F$19>대진표!$E$2:$E$19))+SUMPRODUCT((대진표!$H$2:$H$19=$A9)*(대진표!$F$2:$F$19>대진표!$E$2:$E$19)) -> 2 | C9: =(SUMIF(대진표!$C:$C,$A9,대진표!$E:$E)+SUMIF(대진표!$D:$D,$A9,대진표!$E:$E)+SUMIF(대진표!$G:$G,$A9,대진표!$F:$F)+SUMIF(대진표!$H:$H,$A9,대진표!$F:$F))-(SUMIF(대진표!$C:$C,$A9,대진표!$F:$F)+SUMIF(대진표!$D:$D,$A9,대진표!$F:$F)+SUMIF(대진표!$G:$G,$A9,대진표!$E:$E)+SUMIF(대진표!$H:$H,$A9,대진표!$E:$E)) -> -6 | D9: =(B9*100)+(F9*10)+(C9*1)+(IF(LEFT(설정!$B9,1)="W",30,0))+(SUMPRODUCT((대진표!$C$2:$C$19=$A9)*ISNUMBER(MATCH(대진표!$D$2:$D$19,설정!$C$10:$C$13,0))*(대진표!$E$2:$E$19>대진표!$F$2:$F$19))+SUMPRODUCT((대진표!$D$2:$D$19=$A9)*ISNUMBER(MATCH(대진표!$C$2:$C$19,설정!$C$10:$C$13,0))*(대진표!$E$2:$E$19>대진표!$F$2:$F$19))+SUMPRODUCT((대진표!$G$2:$G$19=$A9)*ISNUMBER(MATCH(대진표!$H$2:$H$19,설정!$C$10:$C$13,0))*(대진표!$F$2:$F$19>대진표!$E$2:$E$19))+SUMPRODUCT((대진표!$H$2:$H$19=$A9)*ISNUMBER(MATCH(대진표!$G$2:$G$19,설정!$C$10:$C$13,0))*(대진표!$F$2:$F$19>대진표!$E$2:$E$19)))*5 -> 259 | E9: =_xlfn.RANK.EQ(D9, $D$2:$D$13) -> 9 | F9: =COUNTIFS(대진표!$C:$C,$A9,대진표!$E:$E,"<>-")+COUNTIFS(대진표!$D:$D,$A9,대진표!$E:$E,"<>-")+COUNTIFS(대진표!$G:$G,$A9,대진표!$F:$F,"<>-")+COUNTIFS(대진표!$H:$H,$A9,대진표!$F:$F,"<>-") -> 6 | G9: 40 | H9: =D9+G9 -> 299 | I9: =_xlfn.RANK.EQ(H9, $H$2:$H$13) -> 9
A10: =설정!C10 -> 고아라 | B10: =SUMPRODUCT((대진표!$C$2:$C$19=$A10)*(대진표!$E$2:$E$19>대진표!$F$2:$F$19))+SUMPRODUCT((대진표!$D$2:$D$19=$A10)*(대진표!$E$2:$E$19>대진표!$F$2:$F$19))+SUMPRODUCT((대진표!$G$2:$G$19=$A10)*(대진표!$F$2:$F$19>대진표!$E$2:$E$19))+SUMPRODUCT((대진표!$H$2:$H$19=$A10)*(대진표!$F$2:$F$19>대진표!$E$2:$E$19)) -> 5 | C10: =(SUMIF(대진표!$C:$C,$A10,대진표!$E:$E)+SUMIF(대진표!$D:$D,$A10,대진표!$E:$E)+SUMIF(대진표!$G:$G,$A10,대진표!$F:$F)+SUMIF(대진표!$H:$H,$A10,대진표!$F:$F))-(SUMIF(대진표!$C:$C,$A10,대진표!$F:$F)+SUMIF(대진표!$D:$D,$A10,대진표!$F:$F)+SUMIF(대진표!$G:$G,$A10,대진표!$E:$E)+SUMIF(대진표!$H:$H,$A10,대진표!$E:$E)) -> 9 | D10: =(B10*100)+(F10*10)+(C10*1)+(IF(LEFT(설정!$B10,1)="W",30,0))+(SUMPRODUCT((대진표!$C$2:$C$19=$A10)*ISNUMBER(MATCH(대진표!$D$2:$D$19,설정!$C$10:$C$13,0))*(대진표!$E$2:$E$19>대진표!$F$2:$F$19))+SUMPRODUCT((대진표!$D$2:$D$19=$A10)*ISNUMBER(MATCH(대진표!$C$2:$C$19,설정!$C$10:$C$13,0))*(대진표!$E$2:$E$19>대진표!$F$2:$F$19))+SUMPRODUCT((대진표!$G$2:$G$19=$A10)*ISNUMBER(MATCH(대진표!$H$2:$H$19,설정!$C$10:$C$13,0))*(대진표!$F$2:$F$19>대진표!$E$2:$E$19))+SUMPRODUCT((대진표!$H$2:$H$19=$A10)*ISNUMBER(MATCH(대진표!$G$2:$G$19,설정!$C$10:$C$13,0))*(대진표!$F$2:$F$19>대진표!$E$2:$E$19)))*5 -> 579 | E10: =_xlfn.RANK.EQ(D10, $D$2:$D$13) -> 2 | F10: =COUNTIFS(대진표!$C:$C,$A10,대진표!$E:$E,"<>-")+COUNTIFS(대진표!$D:$D,$A10,대진표!$E:$E,"<>-")+COUNTIFS(대진표!$G:$G,$A10,대진표!$F:$F,"<>-")+COUNTIFS(대진표!$H:$H,$A10,대진표!$F:$F,"<>-") -> 6 | G10: 80 | H10: =D10+G10 -> 659 | I10: =_xlfn.RANK.EQ(H10, $H$2:$H$13) -> 1
A11: =설정!C11 -> 정채원 | B11: =SUMPRODUCT((대진표!$C$2:$C$19=$A11)*(대진표!$E$2:$E$19>대진표!$F$2:$F$19))+SUMPRODUCT((대진표!$D$2:$D$19=$A11)*(대진표!$E$2:$E$19>대진표!$F$2:$F$19))+SUMPRODUCT((대진표!$G$2:$G$19=$A11)*(대진표!$F$2:$F$19>대진표!$E$2:$E$19))+SUMPRODUCT((대진표!$H$2:$H$19=$A11)*(대진표!$F$2:$F$19>대진표!$E$2:$E$19)) -> 1 | C11: =(SUMIF(대진표!$C:$C,$A11,대진표!$E:$E)+SUMIF(대진표!$D:$D,$A11,대진표!$E:$E)+SUMIF(대진표!$G:$G,$A11,대진표!$F:$F)+SUMIF(대진표!$H:$H,$A11,대진표!$F:$F))-(SUMIF(대진표!$C:$C,$A11,대진표!$F:$F)+SUMIF(대진표!$D:$D,$A11,대진표!$F:$F)+SUMIF(대진표!$G:$G,$A11,대진표!$E:$E)+SUMIF(대진표!$H:$H,$A11,대진표!$E:$E)) -> -9 | D11: =(B11*100)+(F11*10)+(C11*1)+(IF(LEFT(설정!$B11,1)="W",30,0))+(SUMPRODUCT((대진표!$C$2:$C$19=$A11)*ISNUMBER(MATCH(대진표!$D$2:$D$19,설정!$C$10:$C$13,0))*(대진표!$E$2:$E$19>대진표!$F$2:$F$19))+SUMPRODUCT((대진표!$D$2:$D$19=$A11)*ISNUMBER(MATCH(대진표!$C$2:$C$19,설정!$C$10:$C$13,0))*(대진표!$E$2:$E$19>대진표!$F$2:$F$19))+SUMPRODUCT((대진표!$G$2:$G$19=$A11)*ISNUMBER(MATCH(대진표!$H$2:$H$19,설정!$C$10:$C$13,0))*(대진표!$F$2:$F$19>대진표!$E$2:$E$19))+SUMPRODUCT((대진표!$H$2:$H$19=$A11)*ISNUMBER(MATCH(대진표!$G$2:$G$19,설정!$C$10:$C$13,0))*(대진표!$F$2:$F$19>대진표!$E$2:$E$19)))*5 -> 151 | E11: =_xlfn.RANK.EQ(D11, $D$2:$D$13) -> 11 | F11: =COUNTIFS(대진표!$C:$C,$A11,대진표!$E:$E,"<>-")+COUNTIFS(대진표!$D:$D,$A11,대진표!$E:$E,"<>-")+COUNTIFS(대진표!$G:$G,$A11,대진표!$F:$F,"<>-")+COUNTIFS(대진표!$H:$H,$A11,대진표!$F:$F,"<>-") -> 6 | G11: 40 | H11: =D11+G11 -> 191 | I11: =_xlfn.RANK.EQ(H11, $H$2:$H$13) -> 11
A12: =설정!C12 -> 김다현 | B12: =SUMPRODUCT((대진표!$C$2:$C$19=$A12)*(대진표!$E$2:$E$19>대진표!$F$2:$F$19))+SUMPRODUCT((대진표!$D$2:$D$19=$A12)*(대진표!$E$2:$E$19>대진표!$F$2:$F$19))+SUMPRODUCT((대진표!$G$2:$G$19=$A12)*(대진표!$F$2:$F$19>대진표!$E$2:$E$19))+SUMPRODUCT((대진표!$H$2:$H$19=$A12)*(대진표!$F$2:$F$19>대진표!$E$2:$E$19)) -> 2 | C12: =(SUMIF(대진표!$C:$C,$A12,대진표!$E:$E)+SUMIF(대진표!$D:$D,$A12,대진표!$E:$E)+SUMIF(대진표!$G:$G,$A12,대진표!$F:$F)+SUMIF(대진표!$H:$H,$A12,대진표!$F:$F))-(SUMIF(대진표!$C:$C,$A12,대진표!$F:$F)+SUMIF(대진표!$D:$D,$A12,대진표!$F:$F)+SUMIF(대진표!$G:$G,$A12,대진표!$E:$E)+SUMIF(대진표!$H:$H,$A12,대진표!$E:$E)) -> 1 | D12: =(B12*100)+(F12*10)+(C12*1)+(IF(LEFT(설정!$B12,1)="W",30,0))+(SUMPRODUCT((대진표!$C$2:$C$19=$A12)*ISNUMBER(MATCH(대진표!$D$2:$D$19,설정!$C$10:$C$13,0))*(대진표!$E$2:$E$19>대진표!$F$2:$F$19))+SUMPRODUCT((대진표!$D$2:$D$19=$A12)*ISNUMBER(MATCH(대진표!$C$2:$C$19,설정!$C$10:$C$13,0))*(대진표!$E$2:$E$19>대진표!$F$2:$F$19))+SUMPRODUCT((대진표!$G$2:$G$19=$A12)*ISNUMBER(MATCH(대진표!$H$2:$H$19,설정!$C$10:$C$13,0))*(대진표!$F$2:$F$19>대진표!$E$2:$E$19))+SUMPRODUCT((대진표!$H$2:$H$19=$A12)*ISNUMBER(MATCH(대진표!$G$2:$G$19,설정!$C$10:$C$13,0))*(대진표!$F$2:$F$19>대진표!$E$2:$E$19)))*5 -> 276 | E12: =_xlfn.RANK.EQ(D12, $D$2:$D$13) -> 7 | F12: =COUNTIFS(대진표!$C:$C,$A12,대진표!$E:$E,"<>-")+COUNTIFS(대진표!$D:$D,$A12,대진표!$E:$E,"<>-")+COUNTIFS(대진표!$G:$G,$A12,대진표!$F:$F,"<>-")+COUNTIFS(대진표!$H:$H,$A12,대진표!$F:$F,"<>-") -> 4 | G12: 80 | H12: =D12+G12 -> 356 | I12: =_xlfn.RANK.EQ(H12, $H$2:$H$13) -> 7
A13: =설정!C13 -> 황지애 | B13: =SUMPRODUCT((대진표!$C$2:$C$19=$A13)*(대진표!$E$2:$E$19>대진표!$F$2:$F$19))+SUMPRODUCT((대진표!$D$2:$D$19=$A13)*(대진표!$E$2:$E$19>대진표!$F$2:$F$19))+SUMPRODUCT((대진표!$G$2:$G$19=$A13)*(대진표!$F$2:$F$19>대진표!$E$2:$E$19))+SUMPRODUCT((대진표!$H$2:$H$19=$A13)*(대진표!$F$2:$F$19>대진표!$E$2:$E$19)) -> 2 | C13: =(SUMIF(대진표!$C:$C,$A13,대진표!$E:$E)+SUMIF(대진표!$D:$D,$A13,대진표!$E:$E)+SUMIF(대진표!$G:$G,$A13,대진표!$F:$F)+SUMIF(대진표!$H:$H,$A13,대진표!$F:$F))-(SUMIF(대진표!$C:$C,$A13,대진표!$F:$F)+SUMIF(대진표!$D:$D,$A13,대진표!$F:$F)+SUMIF(대진표!$G:$G,$A13,대진표!$E:$E)+SUMIF(대진표!$H:$H,$A13,대진표!$E:$E)) -> -1 | D13: =(B13*100)+(F13*10)+(C13*1)+(IF(LEFT(설정!$B13,1)="W",30,0))+(SUMPRODUCT((대진표!$C$2:$C$19=$A13)*ISNUMBER(MATCH(대진표!$D$2:$D$19,설정!$C$10:$C$13,0))*(대진표!$E$2:$E$19>대진표!$F$2:$F$19))+SUMPRODUCT((대진표!$D$2:$D$19=$A13)*ISNUMBER(MATCH(대진표!$C$2:$C$19,설정!$C$10:$C$13,0))*(대진표!$E$2:$E$19>대진표!$F$2:$F$19))+SUMPRODUCT((대진표!$G$2:$G$19=$A13)*ISNUMBER(MATCH(대진표!$H$2:$H$19,설정!$C$10:$C$13,0))*(대진표!$F$2:$F$19>대진표!$E$2:$E$19))+SUMPRODUCT((대진표!$H$2:$H$19=$A13)*ISNUMBER(MATCH(대진표!$G$2:$G$19,설정!$C$10:$C$13,0))*(대진표!$F$2:$F$19>대진표!$E$2:$E$19)))*5 -> 274 | E13: =_xlfn.RANK.EQ(D13, $D$2:$D$13) -> 8 | F13: =COUNTIFS(대진표!$C:$C,$A13,대진표!$E:$E,"<>-")+COUNTIFS(대진표!$D:$D,$A13,대진표!$E:$E,"<>-")+COUNTIFS(대진표!$G:$G,$A13,대진표!$F:$F,"<>-")+COUNTIFS(대진표!$H:$H,$A13,대진표!$F:$F,"<>-") -> 4 | G13: 40 | H13: =D13+G13 -> 314 | I13: =_xlfn.RANK.EQ(H13, $H$2:$H$13) -> 8
